first_name,second_name,goals_scored,assists,total_points,minutes,goals_conceded,creativity,influence,threat,bonus,bps,ict_index,clean_sheets,red_cards,yellow_cards,selected_by_percent,now_cost,element_type
Mesut,Özil,1,3,53,1439,20,582.9,223.6,190.0,1,256,99.8,5,0,1,1.9,70,MID
Sokratis,Papastathopoulos,2,0,57,1696,25,36.8,436.2,110.0,5,305,58.5,4,0,6,0.5,50,DEF
David,Luiz Moreira Marinho,2,1,94,2809,42,106.7,701.6,211.0,10,494,102.1,8,2,5,2.8,55,DEF
Pierre-Emerick,Aubameyang,22,5,205,3136,44,479.6,1006.0,1369.0,37,807,285.2,10,1,3,43.3,120,MID
Cédric,Soares,1,1,61,1553,20,218.9,349.0,118.0,3,286,68.7,4,0,1,0.6,50,DEF
Alexandre,Lacazette,10,7,118,1867,25,337.7,536.4,861.0,16,387,173.8,5,0,8,2.8,85,FWD
Shkodran,Mustafi,0,2,43,1205,17,45.5,277.2,155.0,2,242,47.9,4,0,2,0.0,50,DEF
Bernd,Leno,0,0,114,2649,39,0.0,843.2,0.0,10,591,84.1,7,0,2,6.3,50,GK
Granit,Xhaka,1,2,73,2586,31,298.5,486.2,110.0,2,408,89.9,10,0,10,0.6,55,MID
Pablo,Marí,0,0,8,113,0,1.7,27.8,0.0,1,31,3.0,1,0,0,0.0,45,DEF
Héctor,Bellerín,1,0,44,1156,18,76.9,187.8,103.0,4,204,37.0,4,0,2,3.3,50,DEF
Emiliano,Martínez,0,0,33,770,9,0.0,256.8,0.0,1,169,25.8,3,0,2,6.8,45,GK
Calum,Chambers,1,1,42,1102,15,113.5,272.0,203.0,5,197,58.7,3,0,5,0.0,45,DEF
Sead,Kolasinac,0,2,55,1694,26,182.5,269.6,81.0,1,331,53.0,4,0,4,0.3,50,DEF
Ainsley,Maitland-Niles,0,2,41,1382,22,182.0,301.8,58.0,3,244,53.6,3,1,4,1.7,50,DEF
Rob,Holding,0,0,16,580,9,4.8,133.6,19.0,2,96,15.8,1,0,1,0.7,45,DEF
Kieran,Tierney,1,2,42,986,16,121.1,201.8,73.0,4,213,39.8,2,0,2,11.0,55,DEF
Nicolas,Pépé,5,6,106,2004,30,639.4,500.2,624.0,9,353,176.5,5,0,4,2.4,80,MID
Lucas,Torreira,1,1,46,1501,23,207.1,281.8,207.0,0,247,69.7,3,0,7,0.3,50,MID
Joseph,Willock,1,1,41,838,16,165.9,176.8,212.0,0,150,55.2,1,0,2,0.2,50,MID
Reiss,Nelson,1,1,30,622,7,148.3,110.4,185.0,0,105,44.4,2,0,1,0.1,55,MID
Edward,Nketiah,2,0,25,628,9,67.0,90.4,210.0,1,66,36.4,3,1,0,1.9,60,FWD
Emile,Smith Rowe,0,0,4,96,0,6.3,9.8,0.0,0,13,1.6,1,0,0,0.6,45,MID
Bukayo,Saka,1,6,71,1746,18,322.5,327.2,248.0,4,259,89.8,7,0,6,9.2,55,MID
Matteo,Guendouzi,0,2,48,1744,31,235.1,333.6,146.0,2,272,71.6,3,0,6,0.2,50,MID
Gabriel Teodoro,Martinelli Silva,3,1,39,656,9,36.6,162.8,226.0,5,129,42.5,2,0,1,0.1,50,MID
William,Saliba,0,0,0,0,0,0.0,0.0,0.0,0,0,0.0,0,0,0,4.0,45,DEF
Willian,Borges Da Silva,9,9,168,2595,35,1177.7,834.8,930.0,26,698,294.6,10,0,4,8.4,80,MID
Gabriel,Magalhães,0,0,0,0,0,0.0,0.0,0.0,0,0,0.0,0,0,0,1.2,50,DEF
Daniel,Ceballos Fernández,0,2,57,1687,21,439.9,346.4,130.0,3,310,91.7,7,0,1,0.9,50,MID
Tom,Heaton,0,0,59,1794,35,0.3,507.4,0.0,3,346,50.7,4,0,0,0.1,45,GK
Ahmed,El Mohamady,1,1,39,1024,28,324.1,254.6,67.0,7,224,64.6,2,0,1,0.6,45,DEF
Henri,Lansbury,0,0,12,190,6,27.2,13.4,13.0,0,37,5.5,0,0,0,0.3,45,MID
Neil,Taylor,0,0,22,1088,25,79.7,157.6,29.0,0,163,26.7,2,0,2,0.5,45,DEF
Jed,Steer,0,0,1,7,0,0.0,0.0,0.0,0,3,0.0,0,0,0,4.0,40,GK
Conor,Hourihane,3,5,83,1526,29,551.8,384.8,317.0,9,328,125.3,6,0,4,0.1,60,MID
José Ignacio,Peleteiro Romallo,0,1,17,329,5,56.9,47.0,73.0,0,48,17.3,2,0,0,0.1,60,MID
Ørjan,Nyland,0,0,15,537,12,0.0,101.2,0.0,0,90,10.2,1,0,0,18.4,40,GK
Bjorn,Engels,1,0,42,1446,32,31.9,329.6,81.0,4,252,44.5,3,0,1,0.3,45,DEF
Jack,Grealish,8,7,149,3233,63,1209.2,826.6,837.0,19,601,287.0,7,0,8,11.8,70,MID
John,McGinn,3,3,84,2312,41,503.3,458.6,499.0,4,321,145.9,6,0,3,0.7,55,MID
Kortney,Hause,1,0,34,1544,34,33.0,352.8,248.0,0,204,63.4,2,0,3,0.1,45,DEF
Mahmoud Ahmed,Ibrahim Hassan,6,2,98,1936,29,303.7,422.4,741.0,7,270,145.7,6,1,2,1.4,55,MID
Tyrone,Mings,2,2,90,2902,53,87.3,758.0,119.0,9,537,96.6,6,0,7,1.5,50,DEF
Matt,Targett,1,3,80,2291,40,432.9,503.8,130.0,10,433,106.9,5,0,4,1.3,45,DEF
James,Bree,0,0,0,0,0,0.0,0.0,0.0,0,0,0.0,0,0,0,0.0,45,DEF
Marvelous,Nakamba,0,0,43,1826,37,162.9,292.2,24.0,0,273,47.9,1,0,5,0.7,45,MID
Anwar,El Ghazi,4,5,93,2046,48,482.2,383.2,655.0,0,281,152.0,5,0,3,0.2,60,MID
Ezri,Konsa Ngoyo,1,2,65,2038,39,151.8,400.6,173.0,4,335,72.8,5,0,3,0.3,45,DEF
Frédéric,Guilbert,0,2,62,2038,36,241.5,451.2,77.0,4,342,77.2,6,0,7,0.2,45,DEF
Wesley,Moraes,5,1,67,1782,31,169.8,296.2,632.0,7,180,108.3,6,0,3,0.0,60,FWD
Mbwana,Samatta,1,0,29,940,18,131.5,67.6,245.0,2,74,44.2,4,0,1,0.1,60,FWD
Keinan,Davis,0,1,25,534,7,71.7,27.8,212.0,0,43,29.9,1,0,0,15.2,45,FWD
Indiana,Vassilev,0,0,4,47,1,1.6,1.2,7.0,0,8,0.9,0,0,0,1.6,45,FWD
Douglas Luiz,Soares de Paulo,3,2,90,2604,51,293.2,508.6,377.0,5,411,118.0,8,0,8,0.5,50,MID
Matthew,Cash,0,0,0,0,0,0.0,0.0,0.0,0,0,0.0,0,0,0,0.3,50,DEF
Glenn,Murray,1,1,36,785,10,57.1,74.0,249.0,0,74,37.7,2,0,0,0.7,50,FWD
Adam,Lallana,1,1,27,371,5,68.8,107.2,74.0,1,97,25.1,1,0,1,1.7,65,MID
Dale,Stephens,0,1,63,2525,42,292.8,438.6,90.0,1,406,82.2,6,0,8,15.1,45,MID
Pascal,Groß,2,5,76,1791,32,908.5,388.2,323.0,7,326,161.6,3,0,4,0.2,60,MID
Shane,Duffy,1,0,44,1232,18,29.8,288.0,100.0,1,227,41.8,3,0,2,0.4,45,DEF
Davy,Pröpper,1,2,78,2826,46,434.1,522.2,271.0,2,441,122.5,6,0,4,0.1,50,MID
Aaron,Mooy,2,2,80,2079,33,614.9,436.6,291.0,9,337,134.0,6,1,1,0.1,50,MID
Dan,Burn,0,0,86,2879,42,311.9,602.8,128.0,3,480,104.2,9,0,5,1.0,45,DEF
Lewis,Dunk,3,3,128,3230,50,171.8,825.6,469.0,17,674,146.8,9,0,9,10.2,50,DEF
Martín,Montoya,0,1,62,1892,32,338.0,337.4,177.0,3,313,85.5,6,0,5,0.1,45,DEF
Florin,Andone,1,0,5,71,2,11.3,45.0,21.0,1,20,7.6,0,1,0,0.4,50,FWD
Solomon,March,0,1,38,1139,15,239.6,189.4,274.0,3,129,70.4,4,0,2,0.1,50,MID
Adam,Webster,3,1,88,2668,44,153.2,696.6,221.0,7,514,107.3,5,0,4,3.3,45,DEF
Joël,Veltman,0,0,0,0,0,0.0,0.0,0.0,0,0,0.0,0,0,0,0.5,45,DEF
Neal,Maupay,10,3,131,2763,36,369.2,518.6,1519.0,21,361,240.5,8,0,3,2.2,65,FWD
Leandro,Trossard,5,5,104,2004,34,585.4,411.4,540.0,9,352,153.2,4,0,0,0.5,60,MID
Mathew,Ryan,0,0,135,3420,54,0.0,1000.0,0.0,14,754,100.1,9,0,0,21.1,45,GK
Alireza,Jahanbakhsh,2,1,28,305,4,62.5,90.6,106.0,2,90,25.9,1,0,0,0.1,55,MID
José,Izquierdo,0,0,0,0,0,0.0,0.0,0.0,0,0,0.0,0,0,0,0.0,55,MID
Matthew,Clarke,0,0,0,0,0,0.0,0.0,0.0,0,0,0.0,0,0,0,0.0,45,DEF
Ben,White,0,0,0,0,0,0.0,0.0,0.0,0,0,0.0,0,0,0,2.3,45,DEF
Bernardo,Fernandes da Silva Junior,0,0,21,675,17,72.6,154.0,92.0,3,121,31.9,1,0,1,13.3,40,DEF
Yves,Bissouma,1,0,39,1253,18,110.6,238.8,101.0,0,207,45.1,4,0,4,2.8,45,MID
Tariq,Lamptey,0,1,26,619,8,82.1,91.8,27.0,0,136,20.2,3,0,2,2.3,45,DEF
Aaron,Connolly,3,3,61,1250,22,91.4,150.6,530.0,5,146,76.0,5,0,0,0.6,55,FWD
Steven,Alzate,0,0,33,1181,18,214.1,202.0,205.0,0,183,62.3,3,0,1,0.4,45,MID
Alexis,Mac Allister,0,0,12,348,6,73.8,28.4,66.0,0,35,16.9,0,0,0,0.1,55,MID
Christian,Walton,0,0,0,0,0,0.0,0.0,0.0,0,0,0.0,0,0,0,0.9,40,GK
James,Tarkowski,2,3,143,3420,50,167.1,919.8,410.0,14,690,149.9,15,0,10,7.2,55,DEF
Phil,Bardsley,0,2,78,1890,19,164.0,350.6,109.0,6,358,62.5,9,0,6,0.7,45,DEF
Erik,Pieters,0,5,77,1876,35,273.8,355.4,90.0,10,359,71.6,6,0,2,2.1,45,DEF
Jack,Cork,0,0,70,2614,41,198.2,313.2,311.0,0,301,82.4,12,0,1,0.1,50,MID
Kevin,Long,0,0,21,562,5,1.3,104.8,24.0,0,93,13.0,2,0,0,0.2,45,DEF
Jay,Rodriguez,8,2,100,2002,34,135.0,431.4,827.0,9,282,137.8,7,0,1,1.0,60,FWD
Ashley,Barnes,6,0,61,1350,21,85.1,226.2,474.0,6,161,75.9,8,0,4,0.4,60,FWD
Ben,Mee,1,2,110,2880,45,105.8,658.8,362.0,6,549,112.9,13,0,7,1.4,50,DEF
Ashley,Westwood,2,7,118,3150,39,814.2,596.8,135.0,11,567,154.7,15,0,9,1.3,55,MID
Johann Berg,Gudmundsson,1,1,30,617,7,215.4,118.6,108.0,1,98,44.1,3,0,0,0.2,55,MID
Chris,Wood,14,1,136,2436,33,299.6,552.2,1070.0,21,384,190.8,11,0,1,3.2,65,FWD
Matthew,Lowton,0,1,48,1530,31,181.7,294.2,15.0,1,270,49.2,6,0,2,0.2,45,DEF
Matej,Vydra,2,1,39,807,7,113.3,144.2,273.0,3,112,53.3,5,0,0,0.6,50,FWD
Ben,Gibson,0,0,0,0,0,0.0,0.0,0.0,0,0,0.0,0,0,0,0.9,40,DEF
Robbie,Brady,1,2,32,445,10,102.1,118.6,128.0,0,112,34.9,1,0,1,0.1,50,MID
Nick,Pope,0,0,170,3420,50,30.3,900.0,2.0,23,789,93.1,15,0,1,21.2,55,GK
Charlie,Taylor,0,1,84,1944,18,243.0,382.6,19.0,5,375,64.7,10,0,3,6.3,45,DEF
Josh,Brownhill,0,0,21,805,10,58.5,101.2,49.0,0,111,20.8,4,0,2,0.0,50,MID
Bailey,Peacock-Farrell,0,0,0,0,0,0.0,0.0,0.0,0,0,0.0,0,0,0,1.5,40,GK
Dwight,McNeil,2,7,123,3339,48,931.4,644.2,430.0,6,529,200.6,16,0,5,1.2,60,MID
Willy,Caballero,0,0,13,450,7,0.0,90.2,0.0,0,74,9.0,1,0,0,0.4,50,GK
César,Azpilicueta,2,6,130,3229,53,708.7,905.2,438.0,16,700,205.4,8,0,1,8.0,60,DEF
Olivier,Giroud,8,1,68,988,16,144.8,316.2,598.0,5,253,105.4,6,0,1,1.5,70,FWD
Marcos,Alonso,4,4,100,1429,18,413.4,411.8,420.0,11,395,124.3,7,0,4,3.8,60,DEF
Jorge Luiz,Frello Filho,4,3,92,2376,40,422.4,600.0,158.0,9,535,118.4,6,0,10,1.8,50,MID
Ross,Barkley,1,5,61,1095,14,344.3,266.0,373.0,5,208,98.2,5,0,0,0.3,60,MID
Mateo,Kovacic,1,3,68,2065,37,458.5,497.0,186.0,6,461,114.0,4,0,8,0.2,55,MID
Michy,Batshuayi,1,2,28,224,8,42.9,61.8,185.0,1,59,28.3,0,0,0,0.4,60,FWD
Antonio,Rüdiger,2,0,63,1710,24,93.3,389.4,194.0,5,351,67.7,5,0,3,1.8,50,DEF
Kurt,Zouma,0,0,62,2343,37,40.1,518.0,162.0,2,432,71.7,7,0,6,0.8,50,DEF
Emerson,Palmieri dos Santos,0,0,19,1022,21,298.7,207.8,225.0,0,181,73.2,1,0,3,0.2,50,DEF
Kepa,Arrizabalaga,0,0,90,2970,47,0.0,503.6,0.0,0,507,50.2,8,0,0,2.2,50,GK
N'Golo,Kanté,3,0,57,1730,25,424.5,422.8,214.0,2,294,106.3,3,0,4,3.7,50,MID
Hakim,Ziyech,0,0,0,0,0,0.0,0.0,0.0,0,0,0.0,0,0,0,10.4,80,MID
Ruben,Loftus-Cheek,0,1,12,203,3,30.2,30.8,33.0,0,37,9.2,1,0,0,0.2,60,MID
Andreas,Christensen,0,0,34,1751,33,70.9,353.6,96.0,0,325,52.1,3,0,5,0.3,50,DEF
Timo,Werner,0,0,0,0,0,0.0,0.0,0.0,0,0,0.0,0,0,0,47.3,95,FWD
Tammy,Abraham,15,6,153,2206,34,283.2,659.6,1301.0,20,461,223.3,7,0,2,6.5,75,FWD
Christian,Pulisic,9,8,127,1717,28,426.0,556.2,1059.0,8,379,204.2,6,0,0,3.6,85,MID
Mason,Mount,7,6,137,2865,44,814.0,641.2,974.0,11,510,242.8,9,0,3,10.2,70,MID
Fikayo,Tomori,1,0,48,1291,18,68.6,335.4,79.0,7,271,48.5,4,0,3,0.4,50,DEF
Callum,Hudson-Odoi,1,5,53,849,14,341.4,235.2,325.0,3,197,89.9,2,0,1,0.5,60,MID
Reece,James,0,2,61,1510,23,428.8,343.6,143.0,5,373,91.8,5,0,1,3.9,50,DEF
Billy,Gilmour,0,0,9,191,3,55.3,31.4,5.0,0,41,9.1,1,0,0,0.3,45,MID
Benjamin,Chilwell,3,3,114,2374,26,545.4,546.0,208.0,8,501,130.0,9,0,3,2.4,55,DEF
Thiago,Thiago,0,0,0,0,0,0.0,0.0,0.0,0,0,0.0,0,0,0,6.9,55,DEF
Kai,Havertz,0,0,0,0,0,0.0,0.0,0.0,0,0,0.0,0,0,0,8.0,85,MID
Gary,Cahill,0,1,70,2167,35,40.0,448.4,342.0,4,395,83.4,7,0,1,0.1,45,DEF
Wayne,Hennessey,0,0,7,270,8,0.0,110.4,0.0,0,58,11.0,0,0,0,0.8,45,GK
Mamadou,Sakho,0,0,11,929,21,15.9,179.2,6.0,0,148,20.2,0,1,1,0.0,45,DEF
Vicente,Guaita,0,0,137,3150,42,0.0,827.2,0.0,16,643,82.6,10,0,1,1.6,50,GK
James,Tomkins,1,1,48,1582,23,27.7,384.0,121.0,4,260,53.3,3,0,5,0.0,45,DEF
James,McArthur,0,4,92,3091,38,486.6,586.6,421.0,2,420,149.6,11,0,6,0.2,55,MID
James,McCarthy,0,0,41,1668,29,268.3,268.8,80.0,0,205,61.8,2,0,9,2.3,45,MID
Christian,Benteke,2,1,42,1252,18,248.3,231.8,632.0,1,133,110.9,5,1,4,0.6,55,FWD
Cheikhou,Kouyaté,1,2,85,2524,36,162.3,394.6,279.0,4,288,83.5,10,0,4,0.2,50,MID
Joel,Ward,0,1,77,2380,36,117.0,427.0,49.0,8,392,59.5,7,0,4,1.7,45,DEF
Martin,Kelly,0,1,64,1547,16,96.5,305.4,15.0,4,288,41.7,6,0,0,1.4,45,DEF
Connor,Wickham,1,1,15,90,2,34.5,59.8,64.0,2,48,15.8,0,0,0,3.4,45,FWD
Andros,Townsend,1,1,48,1284,23,247.1,246.4,122.0,0,221,61.6,3,0,0,0.3,60,MID
Luka,Milivojevic,3,1,81,2510,38,499.1,460.0,190.0,9,382,114.9,7,0,12,1.0,60,MID
Patrick,van Aanholt,3,2,109,2507,38,516.0,531.2,285.0,12,523,133.4,8,0,0,0.1,55,DEF
Jordan,Ayew,9,3,132,3148,45,445.6,597.4,885.0,19,443,192.4,12,0,6,7.4,60,FWD
Wilfried,Zaha,4,6,120,3279,46,588.0,572.0,1103.0,4,337,226.4,9,0,5,7.3,70,MID
Jeffrey,Schlupp,3,1,51,1030,16,101.9,240.0,266.0,4,148,60.8,4,0,2,0.1,55,MID
Max,Meyer,0,0,23,645,11,68.9,68.0,103.0,0,67,23.8,1,0,1,0.1,50,MID
Jairo,Riedewald,0,0,22,761,9,47.1,117.0,27.0,0,116,19.1,0,0,0,0.2,45,MID
Nathan,Ferguson,0,0,0,0,0,0.0,0.0,0.0,0,0,0.0,0,0,0,3.6,40,DEF
Tyrick,Mitchell,0,0,4,193,4,58.7,36.4,2.0,0,23,9.7,0,0,1,8.8,40,DEF
Brandon,Pierrick,0,0,2,13,0,21.0,6.4,2.0,0,7,2.9,0,0,0,0.1,45,MID
Scott,Dann,0,1,51,1264,14,58.3,250.2,177.0,3,253,48.6,5,0,0,0.3,45,DEF
Eberechi,Eze,0,0,0,0,0,0.0,0.0,0.0,0,0,0.0,0,0,0,1.1,60,MID
Theo,Walcott,2,4,63,1281,19,289.1,225.0,521.0,1,186,103.7,4,0,1,0.3,60,MID
Fabian,Delph,0,0,24,1187,24,146.7,183.0,24.0,2,202,35.4,2,1,3,0.1,50,MID
Gylfi,Sigurdsson,2,4,95,2555,45,765.1,454.6,484.0,7,397,170.5,6,0,3,2.4,70,MID
Jonas,Lössl,0,0,0,0,0,0.0,0.0,0.0,0,0,0.0,0,0,0,0.2,45,GK
Seamus,Coleman,0,1,55,1833,29,149.0,321.2,175.0,2,325,64.6,5,1,3,0.6,50,DEF
Cenk,Tosun,2,0,24,462,6,63.4,89.0,229.0,1,86,37.7,2,0,0,0.0,60,FWD
Bernard,Anício Caldeira Duarte,3,2,72,1269,12,349.1,315.0,236.0,6,237,89.8,9,0,2,0.2,60,MID
Lucas,Digne,0,8,120,3031,49,1112.0,743.0,293.0,16,646,215.0,9,0,6,7.0,60,DEF
Michael,Keane,2,0,90,2556,42,80.0,666.4,204.0,9,490,95.2,7,0,3,1.5,50,DEF
Jordan,Pickford,0,0,117,3420,56,13.0,755.6,0.0,5,626,76.7,9,0,2,4.1,50,GK
André Filipe,Tavares Gomes,0,1,39,1457,20,179.4,156.6,33.0,3,184,36.4,5,0,6,0.4,55,MID
Alex,Iwobi,1,0,52,1591,30,383.7,246.4,329.0,2,227,95.9,4,0,0,0.2,60,MID
Jonjoe,Kenny,0,0,0,0,0,0.0,0.0,0.0,0,0,0.0,0,0,0,0.2,45,DEF
Jean-Philippe,Gbamin,0,0,4,135,0,6.3,20.0,0.0,0,14,2.6,1,0,0,0.0,50,MID
Yerry,Mina,2,1,78,2281,37,87.2,535.4,422.0,8,419,104.4,5,0,3,0.8,55,DEF
Tom,Davies,1,1,59,2020,34,122.6,270.4,262.0,3,233,65.5,5,0,8,0.2,55,MID
Dominic,Calvert-Lewin,13,1,126,2621,43,241.4,562.8,1272.0,15,385,206.3,8,0,9,6.1,70,FWD
Mason,Holgate,0,4,71,2052,34,63.9,465.4,152.0,6,412,68.3,5,0,5,0.4,50,DEF
Richarlison,de Andrade,13,5,165,3070,51,478.1,814.6,1233.0,13,519,252.3,9,0,8,11.0,80,FWD
João,Virgínia,0,0,0,0,0,0.0,0.0,0.0,0,0,0.0,0,0,0,0.1,45,GK
Anthony,Gordon,0,1,17,436,6,98.4,76.0,44.0,1,63,21.8,0,0,0,1.3,45,MID
Moise,Kean,2,2,53,830,15,136.5,153.6,429.0,5,138,71.1,1,0,1,0.5,60,FWD
Jarrad,Branthwaite,0,0,11,299,6,2.2,66.0,0.0,2,69,6.9,1,0,0,5.0,40,DEF
Allan,Marques Loureiro,0,0,0,0,0,0.0,0.0,0.0,0,0,0.0,0,0,0,0.8,55,MID
James,Rodríguez,0,0,0,0,0,0.0,0.0,0.0,0,0,0.0,0,0,0,2.9,75,MID
Fabricio,Agosto Ramírez,0,0,0,0,0,0.0,0.0,0.0,0,0,0.0,0,0,0,2.2,40,GK
Kevin,McDonald,0,0,0,0,0,0.0,0.0,0.0,0,0,0.0,0,0,0,0.1,50,MID
Maxime,Le Marchand,0,0,0,0,0,0.0,0.0,0.0,0,0,0.0,0,0,0,0.3,45,DEF
Stefan,Johansen,0,0,0,0,0,0.0,0.0,0.0,0,0,0.0,0,0,0,0.1,50,MID
Tom,Cairney,0,0,0,0,0,0.0,0.0,0.0,0,0,0.0,0,0,0,0.4,55,MID
Tim,Ream,0,0,0,0,0,0.0,0.0,0.0,0,0,0.0,0,0,0,0.2,45,DEF
Anthony,Knockaert,0,0,0,0,0,0.0,0.0,0.0,0,0,0.0,0,0,0,0.3,55,MID
Michael,Hector,0,0,0,0,0,0.0,0.0,0.0,0,0,0.0,0,0,0,0.4,45,DEF
Cyrus,Christie,0,0,0,0,0,0.0,0.0,0.0,0,0,0.0,0,0,0,0.2,45,DEF
Neeskens,Kebano,0,0,0,0,0,0.0,0.0,0.0,0,0,0.0,0,0,0,0.2,50,MID
Bobby,Decordova-Reid,0,0,0,0,0,0.0,0.0,0.0,0,0,0.0,0,0,0,0.2,55,FWD
Joe,Bryan,0,0,0,0,0,0.0,0.0,0.0,0,0,0.0,0,0,0,1.4,50,DEF
Marcus,Bettinelli,0,0,0,0,0,0.0,0.0,0.0,0,0,0.0,0,0,0,0.4,45,GK
Aleksandar,Mitrović,0,0,0,0,0,0.0,0.0,0.0,0,0,0.0,0,0,0,26.8,60,FWD
Alfie,Mawson,0,0,0,0,0,0.0,0.0,0.0,0,0,0.0,0,0,0,0.1,45,DEF
Marek,Rodák,0,0,0,0,0,0.0,0.0,0.0,0,0,0.0,0,0,0,0.7,45,GK
Ivan Ricardo,Neves Abreu Cavaleiro,0,0,0,0,0,0.0,0.0,0.0,0,0,0.0,0,0,0,0.2,55,MID
Josh,Onomah,0,0,0,0,0,0.0,0.0,0.0,0,0,0.0,0,0,0,0.3,50,MID
Jean Michaël,Seri,0,0,0,0,0,0.0,0.0,0.0,0,0,0.0,0,0,0,0.2,50,MID
Aboubakar,Kamara,0,0,0,0,0,0.0,0.0,0.0,0,0,0.0,0,0,0,0.1,50,MID
André-Frank,Zambo Anguissa,0,0,0,0,0,0.0,0.0,0.0,0,0,0.0,0,0,0,1.1,45,MID
Zeze Steven,Sessegnon,0,0,0,0,0,0.0,0.0,0.0,0,0,0.0,0,0,0,0.7,45,DEF
Harrison,Reed,0,0,0,0,0,0.0,0.0,0.0,0,0,0.0,0,0,0,0.8,45,MID
Antonee,Robinson,0,0,0,0,0,0.0,0.0,0.0,0,0,0.0,0,0,0,0.2,45,DEF
Mario,Lemina,0,0,0,0,0,0.0,0.0,0.0,0,0,0.0,0,0,0,0.9,45,MID
Wes,Morgan,0,0,19,430,6,2.1,85.8,58.0,2,87,14.5,1,0,0,0.2,45,DEF
Kasper,Schmeichel,0,0,156,3420,41,30.0,863.4,2.0,10,707,89.6,13,0,2,13.3,55,GK
Christian,Fuchs,0,0,26,770,10,53.5,144.4,20.0,2,139,21.8,2,0,0,0.0,45,DEF
Jonny,Evans,1,2,128,3384,41,131.9,755.2,325.0,12,707,121.4,13,1,7,0.1,55,DEF
Adrien,Silva,0,0,0,0,0,0.0,0.0,0.0,0,0,0.0,0,0,0,0.6,45,MID
Marc,Albrighton,0,3,38,857,11,287.9,190.6,102.0,1,185,58.1,3,0,2,0.2,55,MID
Matty,James,0,0,1,5,0,0.1,0.4,0.0,0,3,0.1,0,0,0,0.5,45,MID
Danny,Ward,0,0,0,0,0,0.0,0.0,0.0,0,0,0.0,0,0,0,0.3,45,GK
Jamie,Vardy,23,7,210,3032,38,418.4,1026.0,1455.0,34,775,288.8,11,0,3,16.9,100,FWD
Dennis,Praet,1,3,54,1122,17,161.6,196.2,210.0,3,203,56.5,2,0,2,0.1,55,MID
Ricardo Domingos,Barbosa Pereira,3,2,123,2520,27,446.5,738.0,235.0,11,568,141.9,10,0,1,0.2,60,DEF
Daniel,Amartey,0,0,0,0,0,0.0,0.0,0.0,0,0,0.0,0,0,0,0.8,40,DEF
Youri,Tielemans,3,6,117,2823,35,805.4,566.6,502.0,5,531,187.6,12,0,2,2.1,65,MID
Ayoze,Pérez,8,5,129,1998,25,443.9,547.4,779.0,9,402,177.3,9,0,0,3.6,65,MID
Demarai,Gray,2,4,44,605,6,242.3,205.4,263.0,0,151,70.8,1,0,1,0.2,55,MID
James,Maddison,6,5,125,2624,26,1246.4,642.4,702.0,14,548,259.2,10,0,4,3.5,70,MID
Kelechi,Iheanacho,5,4,64,953,9,204.2,288.2,603.0,7,204,109.4,3,0,1,0.8,60,FWD
Hamza,Choudhury,1,1,35,883,12,70.0,177.6,83.0,0,153,33.1,3,1,2,0.1,50,MID
Harvey,Barnes,6,10,133,2075,24,517.4,525.0,893.0,9,394,193.7,9,0,0,4.7,70,MID
Wilfred,Ndidi,2,1,85,2671,32,254.4,611.6,205.0,5,443,107.2,12,0,6,2.1,50,MID
Filip,Benkovic,0,0,0,0,0,0.0,0.0,0.0,0,0,0.0,0,0,0,0.2,45,DEF
Çaglar,Söyüncü,1,1,120,3036,35,79.0,755.6,238.0,12,681,107.5,12,1,4,11.5,55,DEF
James,Justin,0,1,35,1010,14,195.0,240.6,61.0,0,196,49.6,4,0,1,9.0,45,DEF
Luke,Thomas,0,1,15,267,4,149.8,78.4,10.0,3,70,23.9,1,0,0,0.6,45,DEF
Timothy,Castagne,0,0,0,0,0,0.0,0.0,0.0,0,0,0.0,0,0,0,0.8,55,DEF
Pablo,Hernández Domínguez,0,0,0,0,0,0.0,0.0,0.0,0,0,0.0,0,0,0,2.5,60,MID
Francisco,Casilla Cortés,0,0,0,0,0,0.0,0.0,0.0,0,0,0.0,0,0,0,3.2,45,GK
Liam,Cooper,0,0,0,0,0,0.0,0.0,0.0,0,0,0.0,0,0,0,1.0,45,DEF
Barry,Douglas,0,0,0,0,0,0.0,0.0,0.0,0,0,0.0,0,0,0,16.1,40,DEF
Luke,Ayling,0,0,0,0,0,0.0,0.0,0.0,0,0,0.0,0,0,0,4.5,45,DEF
Mateusz,Klich,0,0,0,0,0,0.0,0.0,0.0,0,0,0.0,0,0,0,0.7,55,MID
Adam,Forshaw,0,0,0,0,0,0.0,0.0,0.0,0,0,0.0,0,0,0,0.1,50,MID
Stuart,Dallas,0,0,0,0,0,0.0,0.0,0.0,0,0,0.0,0,0,0,4.9,45,DEF
Ezgjan,Alioski,0,0,0,0,0,0.0,0.0,0.0,0,0,0.0,0,0,0,1.0,45,DEF
Patrick,Bamford,0,0,0,0,0,0.0,0.0,0.0,0,0,0.0,0,0,0,5.6,55,FWD
Jack,Harrison,0,0,0,0,0,0.0,0.0,0.0,0,0,0.0,0,0,0,0.7,55,MID
Kalvin,Phillips,0,0,0,0,0,0.0,0.0,0.0,0,0,0.0,0,0,0,2.5,50,MID
Hélder Wander,Sousa de Azevedo e Costa,0,0,0,0,0,0.0,0.0,0.0,0,0,0.0,0,0,0,0.4,55,MID
Tyler,Roberts,0,0,0,0,0,0.0,0.0,0.0,0,0,0.0,0,0,0,0.1,50,MID
Jay-Roy,Grot,0,0,0,0,0,0.0,0.0,0.0,0,0,0.0,0,0,0,0.0,50,MID
Kamil,Miazek,0,0,0,0,0,0.0,0.0,0.0,0,0,0.0,0,0,0,2.6,40,GK
Ian Carlo,Poveda-Ocampo,0,0,0,0,0,0.0,0.0,0.0,0,0,0.0,0,0,0,0.4,45,MID
Jamie,Shackleton,0,0,0,0,0,0.0,0.0,0.0,0,0,0.0,0,0,0,0.1,50,MID
Pascal,Struijk,0,0,0,0,0,0.0,0.0,0.0,0,0,0.0,0,0,0,2.0,40,DEF
Jordan,Stevens,0,0,0,0,0,0.0,0.0,0.0,0,0,0.0,0,0,0,1.9,45,MID
Illan,Meslier,0,0,0,0,0,0.0,0.0,0.0,0,0,0.0,0,0,0,1.2,45,GK
Leif,Davis,0,0,0,0,0,0.0,0.0,0.0,0,0,0.0,0,0,0,1.6,40,DEF
Oliver,Casey,0,0,0,0,0,0.0,0.0,0.0,0,0,0.0,0,0,0,1.0,40,DEF
Robin,Koch,0,0,0,0,0,0.0,0.0,0.0,0,0,0.0,0,0,0,0.6,45,DEF
Rodrigo,Moreno,0,0,0,0,0,0.0,0.0,0.0,0,0,0.0,0,0,0,7.5,60,FWD
James,Milner,2,2,49,924,9,177.1,237.2,100.0,3,198,51.4,4,0,4,0.2,55,MID
Konstantinos,Tsimikas,0,0,0,0,0,0.0,0.0,0.0,0,0,0.0,0,0,0,0.1,50,DEF
Georginio,Wijnaldum,4,0,107,2933,28,344.1,452.8,423.0,5,503,122.0,12,0,0,1.8,55,MID
Jordan,Henderson,4,5,116,2234,14,425.9,582.6,275.0,11,530,128.5,16,0,2,5.0,55,MID
Adrián,San Miguel del Castillo,0,0,27,873,10,0.0,131.4,0.0,0,136,13.2,2,0,1,0.3,45,GK
Joel,Matip,1,0,39,703,5,23.0,198.2,39.0,4,167,26.2,3,0,0,0.5,55,DEF
Xherdan,Shaqiri,1,0,15,181,2,51.6,47.8,37.0,0,54,13.7,1,0,0,0.1,65,MID
Alex,Oxlade-Chamberlain,4,1,76,1475,12,298.2,300.0,406.0,2,268,99.9,8,0,1,0.1,65,MID
Roberto,Firmino,9,9,155,2985,26,703.0,733.6,1638.0,20,592,307.5,16,0,0,4.0,95,FWD
Virgil,van Dijk,5,2,178,3420,33,152.4,930.2,467.0,14,804,154.8,15,0,1,25.4,65,DEF
Sadio,Mané,18,10,221,2745,28,826.6,1010.2,1239.0,27,689,307.7,12,0,3,12.9,120,MID
Alisson,Ramses Becker,0,1,122,2543,24,10.0,503.0,0.0,11,558,51.5,13,1,0,11.6,60,GK
Fabio Henrique,Tavares,2,3,77,2073,26,322.4,431.6,85.0,8,403,84.0,6,0,6,1.3,55,MID
Mohamed,Salah,19,10,233,2879,26,834.8,1061.2,2156.0,26,661,405.1,16,0,1,29.8,120,MID
Andrew,Robertson,2,12,181,3111,31,980.2,845.8,389.0,20,847,221.7,13,0,2,12.9,70,DEF
Divock,Origi,4,3,65,699,12,128.8,201.8,222.0,8,230,55.0,2,0,1,1.3,55,FWD
Harry,Wilson,7,1,91,1637,32,242.1,377.4,667.0,7,295,128.5,2,0,2,0.1,55,MID
Takumi,Minamino,0,0,11,241,2,29.9,17.4,85.0,0,20,12.7,0,0,0,0.6,65,MID
Trent,Alexander-Arnold,4,15,210,3173,32,1380.3,1026.8,420.0,24,904,282.8,14,0,5,53.9,75,DEF
Joseph,Gomez,0,0,93,1999,16,105.7,390.6,12.0,7,461,50.9,12,0,7,4.8,55,DEF
Naby,Keita,2,3,52,806,8,234.7,281.8,169.0,3,224,68.7,5,0,1,1.1,55,MID
Rhian,Brewster,0,0,0,0,0,0.0,0.0,0.0,0,0,0.0,0,0,0,6.6,45,FWD
Curtis,Jones,1,0,13,121,1,15.6,49.4,65.0,0,46,12.9,1,0,0,0.6,45,MID
Neco,Williams,0,0,14,228,2,53.3,49.4,98.0,3,53,20.0,1,0,1,5.3,40,DEF
Harvey,Elliott,0,0,2,7,0,1.7,1.8,0.0,0,6,0.4,0,0,0,0.2,45,MID
Fernando,Luiz Rosa,0,1,55,2394,27,146.2,557.6,175.0,1,401,87.9,10,2,7,1.0,55,DEF
Claudio,Bravo,0,0,11,346,7,0.0,57.8,0.0,0,69,5.8,1,0,0,0.0,45,GK
Sergio,Agüero,16,6,132,1449,18,256.4,641.2,1188.0,14,509,208.2,5,0,1,4.4,105,FWD
Nicolás,Otamendi,2,1,82,1710,21,65.5,443.6,319.0,6,389,82.7,7,0,3,0.7,50,DEF
Kyle,Walker,1,4,114,2392,24,394.4,435.6,169.0,7,573,100.1,12,0,5,5.9,60,DEF
Ilkay,Gündogan,2,1,65,2012,28,592.3,408.4,374.0,4,382,137.5,7,0,7,0.5,55,MID
Kevin,De Bruyne,13,23,251,2790,22,1990.8,1322.2,1005.0,35,988,432.1,18,0,3,32.3,115,MID
John,Stones,0,0,34,1118,16,53.0,216.4,66.0,0,231,33.7,3,0,0,0.4,50,DEF
Benjamin,Mendy,0,2,74,1491,13,403.2,243.0,106.0,3,378,75.5,9,0,3,2.6,60,DEF
Riyad,Mahrez,11,14,175,1934,15,885.8,814.2,1094.0,17,668,279.5,10,0,0,2.4,85,MID
Raheem,Sterling,20,6,204,2651,31,751.3,921.6,1829.0,20,642,350.2,13,0,5,4.4,115,MID
João Pedro Cavaco,Cancelo,0,0,45,1205,11,287.6,265.0,141.0,3,299,69.3,5,0,4,0.9,55,DEF
Ederson,Santana de Moraes,0,0,133,3071,31,16.0,608.6,0.0,2,645,62.3,16,1,3,5.2,60,GK
Nathan,Aké,2,2,79,2503,46,92.7,691.2,326.0,6,499,111.0,4,0,2,8.8,55,DEF
Aymeric,Laporte,1,0,63,1096,5,62.2,246.8,79.0,0,298,38.7,8,0,1,6.1,60,DEF
Bernardo Mota,Veiga de Carvalho e Silva,6,7,116,2021,24,773.2,626.2,927.0,7,526,232.5,9,0,5,2.0,75,MID
Gabriel Fernando,de Jesus,14,8,146,2018,14,447.7,757.6,1620.0,17,535,282.1,12,0,3,2.1,95,FWD
Oleksandr,Zinchenko,0,0,49,1271,15,375.8,232.0,102.0,1,295,71.2,6,1,0,0.5,55,DEF
Phil,Foden,5,2,69,888,7,301.6,312.2,466.0,4,261,108.1,4,0,0,6.0,65,MID
Tommy,Doyle,0,0,1,15,0,2.0,3.8,7.0,0,3,1.3,0,0,0,0.1,45,MID
Rodrigo,Hernandez,3,2,92,2480,27,532.6,599.2,193.0,5,516,132.3,14,0,8,0.6,55,MID
Ferran,Torres,0,0,0,0,0,0.0,0.0,0.0,0,0,0.0,0,0,0,1.9,70,MID
Eric,Garcia,0,0,38,790,7,42.2,153.0,26.0,0,189,22.2,5,0,1,0.3,50,DEF
Sergio,Romero,0,0,0,0,0,0.0,0.0,0.0,0,0,0.0,0,0,0,0.3,50,GK
Juan,Mata,0,2,38,747,8,293.9,109.2,130.0,2,139,53.4,4,0,1,0.1,60,MID
David,de Gea,0,0,143,3420,36,0.0,695.0,0.0,8,630,69.2,13,0,2,4.2,55,GK
Chris,Smalling,0,0,0,0,0,0.0,0.0,0.0,0,0,0.0,0,0,0,0.2,50,DEF
Odion,Ighalo,0,0,11,92,0,23.8,23.0,135.0,0,24,18.1,0,0,0,0.3,65,FWD
Marcos,Rojo,0,0,3,121,2,1.9,20.2,6.0,0,9,2.8,0,0,1,0.1,50,DEF
Nemanja,Matic,0,2,55,1578,13,250.3,357.4,53.0,2,287,66.2,10,0,2,0.3,50,MID
Paul,Pogba,1,4,51,1202,9,420.0,295.8,193.0,2,215,91.0,6,0,1,1.8,80,MID
Phil,Jones,0,0,2,135,3,3.0,21.4,23.0,0,22,4.7,0,0,0,0.1,50,DEF
Harry,Maguire,1,0,123,3420,36,214.6,772.0,371.0,5,681,136.2,13,0,6,3.7,55,DEF
Frederico,Rodrigues de Paula Santos,0,0,50,2157,26,542.7,430.6,260.0,0,358,123.5,6,0,8,0.2,55,MID
Luke,Shaw,0,0,67,1730,15,321.2,344.2,187.0,2,381,85.1,8,0,7,1.2,50,DEF
Jesse,Lingard,1,0,32,923,14,278.2,109.0,297.0,0,99,68.2,1,0,3,0.2,60,MID
Bruno Miguel,Borges Fernandes,8,8,117,1187,6,479.3,551.8,361.0,18,366,139.2,9,0,2,22.4,105,MID
Anthony,Martial,17,9,200,2625,27,439.3,855.6,1297.0,14,544,259.4,14,0,1,16.0,90,FWD
Andreas,Pereira,1,3,60,1478,16,432.1,245.6,343.0,1,198,102.3,6,0,3,0.1,50,MID
Dean,Henderson,0,1,160,3240,33,10.0,718.8,18.0,16,688,74.8,13,0,2,4.3,55,GK
Marcus,Rashford,17,8,177,2645,29,563.7,887.0,1265.0,31,665,271.7,9,0,3,5.9,95,MID
Axel,Tuanzebe,0,0,7,187,3,6.2,17.6,0.0,0,30,2.4,0,0,0,0.1,45,DEF
Victor,Lindelöf,1,0,116,3092,32,73.6,554.0,79.0,9,618,70.7,12,0,6,2.1,50,DEF
Scott,McTominay,3,2,74,1765,20,238.4,415.6,310.0,6,310,96.4,3,0,2,0.4,50,MID
Eric,Bailly,0,0,9,148,1,1.0,32.0,0.0,0,40,3.3,1,0,0,0.3,50,DEF
Daniel,James,3,6,95,2281,29,428.1,415.2,622.0,2,308,146.0,7,0,4,0.4,65,MID
Timothy,Fosu-Mensah,0,0,7,136,1,28.6,12.0,6.0,0,27,4.2,1,0,1,0.1,45,DEF
Aaron,Wan-Bissaka,0,4,127,3070,33,443.3,749.2,133.0,16,659,132.8,12,0,8,13.5,55,DEF
José Diogo,Dalot Teixeira,0,0,4,65,1,4.3,10.4,6.0,0,10,1.9,0,0,0,0.1,50,DEF
Mason,Greenwood,10,1,103,1303,13,222.7,449.6,502.0,17,430,117.0,6,0,0,11.4,75,MID
Tahith,Chong,0,0,3,34,0,1.1,1.4,6.0,0,6,0.7,0,0,0,0.0,45,MID
James,Garner,0,0,1,8,1,2.8,2.2,0.0,0,3,0.5,0,0,0,0.1,45,MID
Brandon,Williams,1,1,51,1003,11,191.2,200.0,100.0,3,228,49.2,5,0,6,2.4,45,DEF
Teden,Mengi,0,0,0,0,0,0.0,0.0,0.0,0,0,0.0,0,0,0,0.7,40,DEF
Donny,van de Beek,0,0,0,0,0,0.0,0.0,0.0,0,0,0.0,0,0,0,2.8,70,MID
Andy,Carroll,0,4,34,617,10,162.0,136.6,211.0,0,87,51.1,2,0,1,0.4,55,FWD
Jonjo,Shelvey,6,2,105,2118,34,597.4,559.4,344.0,15,437,150.4,8,0,3,0.8,55,MID
Matt,Ritchie,2,1,74,1312,19,482.7,285.4,218.0,7,293,98.6,8,0,4,0.4,50,MID
Federico,Fernández,2,3,102,2617,42,74.5,741.0,223.0,13,507,103.7,8,0,8,1.5,50,DEF
Ciaran,Clark,2,0,49,1186,14,14.9,331.4,128.0,2,216,47.6,4,0,3,0.2,45,DEF
Karl,Darlow,0,0,0,0,0,0.0,0.0,0.0,0,0,0.0,0,0,0,0.3,50,GK
Martin,Dubravka,0,0,143,3420,58,0.0,1019.0,0.0,7,719,102.0,11,0,0,1.0,50,GK
Florian,Lejeune,2,0,24,440,10,12.6,132.0,81.0,1,88,22.5,1,0,0,0.1,45,DEF
Jamaal,Lascelles,1,0,73,2076,31,28.1,403.0,125.0,3,358,55.7,8,0,5,3.2,45,DEF
Dwight,Gayle,4,2,58,842,15,86.2,217.0,348.0,10,190,64.7,4,0,2,0.1,60,FWD
Christian,Atsu,0,3,37,738,15,186.7,121.4,55.0,0,104,36.3,3,0,2,0.1,55,MID
Paul,Dummett,0,0,44,1227,20,63.1,265.2,50.0,4,230,37.7,5,0,2,0.1,45,DEF
Javier,Manquillo,0,1,65,1597,21,100.8,232.0,40.0,4,288,37.3,8,0,5,0.4,45,DEF
Emil,Krafth,0,1,37,1015,23,28.8,184.4,39.0,2,187,25.2,3,0,0,0.1,45,DEF
Fabian,Schär,2,1,55,1669,38,58.3,440.6,179.0,2,297,67.8,4,0,5,0.0,50,DEF
DeAndre,Yedlin,1,0,26,934,18,118.1,165.6,43.0,0,122,32.9,1,0,3,0.5,45,DEF
Isaac,Hayden,1,4,73,2220,36,227.6,368.6,189.0,3,309,78.5,8,1,4,0.1,50,MID
Rolando,Aarons,0,0,0,0,0,0.0,0.0,0.0,0,0,0.0,0,0,0,0.1,50,MID
Allan,Saint-Maximin,3,5,92,1860,22,423.4,434.0,542.0,7,321,139.8,8,0,0,19.3,55,MID
Miguel,Almirón,4,2,109,3020,48,450.2,481.6,750.0,5,356,168.0,12,0,5,1.1,60,MID
Joelinton Cássio,Apolinário de Lira,2,2,78,2678,46,433.4,330.8,641.0,3,236,140.5,9,0,7,0.6,60,FWD
Yoshinori,Muto,0,0,9,207,7,15.4,12.6,12.0,0,25,3.7,0,0,0,0.4,50,FWD
Kelland,Watts,0,0,1,16,1,0.0,2.0,0.0,0,3,0.2,0,0,0,0.6,40,DEF
Sean,Longstaff,1,2,44,1370,26,217.1,235.8,155.0,0,181,60.8,2,1,2,0.1,50,MID
Jeff,Hendrick,2,2,67,1930,30,213.7,269.8,282.0,4,197,76.5,10,0,8,0.1,50,MID
Matthew,Longstaff,2,0,27,572,11,51.6,102.8,49.0,2,104,20.4,1,0,1,0.1,50,MID
Mark,Gillespie,0,0,0,0,0,0.0,0.0,0.0,0,0,0.0,0,0,0,0.1,45,GK
Jacob,Murphy,0,0,0,0,0,0.0,0.0,0.0,0,0,0.0,0,0,0,0.0,50,MID
Callum,Wilson,8,6,116,2906,53,391.1,397.4,848.0,8,321,162.6,4,0,9,2.5,65,FWD
Ryan,Fraser,1,5,73,2061,34,627.1,355.6,440.0,2,305,141.9,4,0,2,0.5,60,MID
Billy,Sharp,3,2,57,1037,10,186.2,175.4,348.0,9,159,69.9,4,1,1,0.3,60,FWD
David,McGoldrick,2,2,65,1810,18,268.4,303.4,584.0,6,201,115.2,7,0,2,1.2,55,FWD
Chris,Basham,0,1,123,3242,37,212.1,707.6,103.0,6,639,102.7,13,0,4,2.5,50,DEF
John,Fleck,5,2,101,2515,30,648.8,527.4,419.0,13,464,159.6,8,0,8,0.7,60,MID
Enda,Stevens,2,4,142,3345,39,554.5,641.0,338.0,8,639,153.5,13,0,7,6.0,55,DEF
Simon,Moore,0,0,3,180,6,0.0,28.0,0.0,0,23,2.8,0,0,0,0.3,45,GK
Oliver,Norwood,1,3,98,3089,36,808.8,608.4,100.0,6,563,151.8,13,0,8,0.6,50,MID
Wes,Foderingham,0,0,0,0,0,0.0,0.0,0.0,0,0,0.0,0,0,0,0.2,45,GK
George,Baldock,2,4,142,3420,39,485.7,559.8,241.0,7,602,128.6,13,0,7,5.7,55,DEF
Jack,Robinson,0,0,14,504,11,30.4,106.8,2.0,2,87,14.0,1,0,0,0.3,45,DEF
John,Egan,2,1,133,3187,33,25.4,641.4,587.0,9,592,125.4,13,1,3,17.1,50,DEF
Jack,O'Connell,0,1,111,2915,28,262.3,576.6,246.0,6,552,108.6,12,0,4,0.8,50,DEF
John,Lundstram,5,4,144,2452,29,382.9,502.8,449.0,15,539,133.9,10,0,5,13.6,55,MID
Ben,Osborn,0,0,19,590,4,108.5,78.4,65.0,0,84,25.3,2,0,0,0.0,50,MID
Oliver,McBurnie,6,1,86,2105,25,186.9,424.4,830.0,6,300,143.7,9,0,4,0.9,60,FWD
Callum,Robinson,1,2,33,669,6,72.8,79.8,156.0,1,73,30.4,2,0,1,0.1,55,FWD
Lys,Mousset,6,4,84,1223,15,163.1,303.0,530.0,11,248,98.1,3,0,1,0.6,60,FWD
Sander,Berge,1,1,40,943,11,66.0,152.4,82.0,3,147,30.3,4,0,0,0.4,50,MID
Luke,Freeman,0,0,13,360,5,77.4,46.2,25.0,0,38,14.9,1,0,2,0.0,50,MID
Aaron,Ramsdale,0,1,126,3330,62,24.0,973.8,0.0,13,680,99.7,5,0,0,7.8,50,GK
Ethan,Ampadu,0,0,0,0,0,0.0,0.0,0.0,0,0,0.0,0,0,0,0.3,45,DEF
Jayden,Bogle,0,0,0,0,0,0.0,0.0,0.0,0,0,0.0,0,0,0,0.1,45,DEF
Max,Lowe,0,0,0,0,0,0.0,0.0,0.0,0,0,0.0,0,0,0,0.0,45,DEF
Shane,Long,2,3,62,1386,20,264.8,190.8,536.0,4,159,99.4,5,0,0,1.4,55,FWD
Ryan,Bertrand,1,1,75,2742,52,538.5,436.8,234.0,0,432,121.1,7,1,3,1.4,50,DEF
Alex,McCarthy,0,0,104,2520,35,10.0,652.0,0.0,8,491,66.0,7,0,0,19.6,45,GK
Oriol,Romeu Vidal,0,0,51,1855,38,272.9,333.2,69.0,1,301,67.6,5,0,5,4.6,45,MID
Nathan,Redmond,4,4,107,2763,51,539.1,517.2,752.0,8,412,181.2,7,0,2,0.9,65,MID
Danny,Ings,22,2,198,2800,44,458.3,1010.0,1558.0,40,736,302.4,6,0,3,25.4,85,FWD
Jack,Stephens,1,3,85,2451,39,101.5,566.2,97.0,8,432,76.6,7,1,4,0.5,50,DEF
Stuart,Armstrong,5,4,98,1706,25,274.9,418.2,431.0,10,301,112.4,7,0,4,2.2,55,MID
Jannik,Vestergaard,1,0,51,1496,26,81.3,363.8,183.0,6,286,62.8,4,0,3,0.6,45,DEF
James,Ward-Prowse,5,4,117,3420,60,989.9,864.6,548.0,8,587,240.7,9,0,9,4.4,60,MID
Angus,Gunn,0,0,29,900,25,0.0,219.4,0.0,3,166,22.1,2,0,0,0.4,45,GK
Sofiane,Boufal,0,3,34,753,17,203.7,149.4,267.0,0,99,62.0,1,0,2,0.1,55,MID
Josh,Sims,0,0,0,0,0,0.0,0.0,0.0,0,0,0.0,0,0,0,0.2,45,MID
Kyle,Walker-Peters,0,1,32,944,12,108.6,168.2,48.0,2,194,32.2,2,0,1,11.0,45,DEF
Jan,Bednarek,1,1,84,3057,57,45.5,729.8,95.0,5,539,87.5,7,0,4,3.5,45,DEF
Che,Adams,4,4,78,1095,17,184.9,226.2,524.0,8,242,92.3,4,0,0,2.8,60,FWD
Yan,Valery,0,1,18,778,20,44.2,112.0,77.0,0,93,23.3,1,0,1,0.1,50,DEF
William,Smallbone,0,2,24,389,4,53.2,70.2,43.0,1,84,16.5,3,0,0,0.4,45,MID
Jake,Vokins,0,0,2,90,1,16.7,8.4,3.0,0,10,2.8,0,0,0,1.5,40,DEF
Michael,Obafemi,3,2,45,655,12,130.7,170.8,235.0,2,165,53.4,3,0,1,2.8,50,FWD
Moussa,Djenepo,2,2,40,920,14,153.4,224.4,252.0,3,151,62.9,2,1,4,0.1,55,MID
Mohammed,Salisu,0,0,0,0,0,0.0,0.0,0.0,0,0,0.0,0,0,0,0.4,45,DEF
Hugo,Lloris,0,0,98,1808,21,0.0,564.6,0.0,13,422,56.5,6,0,0,5.3,55,GK
Danny,Rose,0,0,47,1753,28,230.8,288.4,44.0,0,290,56.5,5,0,7,0.4,50,DEF
Moussa,Sissoko,2,1,69,2451,31,275.7,346.0,189.0,0,386,81.0,7,0,8,0.6,50,MID
Toby,Alderweireld,2,2,97,2957,39,196.0,773.6,182.0,6,576,115.2,7,0,7,2.5,55,DEF
Erik,Lamela,2,5,65,1203,12,284.2,226.2,337.0,2,220,84.5,5,0,3,0.2,60,MID
Harry,Kane,18,2,158,2588,36,391.0,843.8,1071.0,26,587,230.6,6,0,4,15.7,105,FWD
Serge,Aurier,1,7,124,2699,33,508.1,655.2,252.0,15,623,141.6,9,1,2,4.6,55,DEF
Heung-Min,Son,11,13,169,2478,32,606.1,800.6,1144.0,18,544,254.6,7,2,0,28.7,90,MID
Eric,Dier,0,2,36,1340,23,100.2,297.2,56.0,0,172,45.6,3,0,5,1.4,50,DEF
Lucas,Rodrigues Moura da Silva,4,5,100,2235,29,477.1,494.6,751.0,3,330,172.1,6,0,3,3.0,70,MID
Paulo,Gazzaniga,0,0,58,1612,26,10.0,449.8,0.0,6,300,46.1,2,0,1,0.4,45,GK
Bamidele,Alli,8,6,117,1845,25,328.6,531.2,627.0,12,349,148.9,4,0,2,2.6,80,MID
Ben,Davies,0,0,41,1430,19,172.4,279.8,94.0,2,223,54.4,4,0,6,1.9,50,DEF
Pierre-Emile,Højbjerg,0,3,75,2750,51,469.0,493.0,368.0,1,412,133.1,7,0,5,1.3,50,MID
Harry,Winks,0,0,52,2223,31,323.4,361.8,74.0,0,369,76.1,6,0,9,0.2,55,MID
Davinson,Sánchez,0,2,64,2431,37,31.0,550.0,82.0,4,443,66.5,4,0,6,1.0,55,DEF
Ryan,Sessegnon,0,0,9,341,5,39.9,45.4,34.0,0,41,11.9,0,0,0,0.4,50,DEF
Steven,Bergwijn,3,1,43,699,9,187.3,174.2,147.0,5,141,50.8,2,0,2,1.5,75,MID
Gedson,Carvalho Fernandes,0,0,7,62,1,34.3,17.2,20.0,0,20,7.2,0,0,0,0.1,50,MID
Japhet,Tanganga,0,0,17,525,7,17.2,134.4,20.0,0,100,17.1,2,0,1,0.2,50,DEF
Giovani,Lo Celso,0,3,54,1482,18,459.4,303.2,176.0,3,250,93.9,6,0,6,2.1,70,MID
Oliver,Skipp,0,0,7,74,1,1.6,15.2,0.0,0,23,1.8,0,0,0,0.1,45,MID
Tanguy,Ndombele,2,2,45,1002,17,194.8,274.2,122.0,2,220,59.2,1,0,3,0.3,60,MID
Juan,Foyth,0,0,3,66,3,12.5,18.6,0.0,0,9,3.1,0,0,1,0.2,45,DEF
Matt,Doherty,4,8,167,2836,31,340.5,576.2,681.0,15,590,160.0,12,0,1,26.1,60,DEF
Joe,Hart,0,0,0,0,0,0.0,0.0,0.0,0,0,0.0,0,0,0,1.0,45,GK
David,Button,0,0,0,0,0,0.0,0.0,0.0,0,0,0.0,0,0,0,5.4,40,GK
Kieran,Gibbs,0,0,0,0,0,0.0,0.0,0.0,0,0,0.0,0,0,0,0.9,45,DEF
Hal,Robson-Kanu,0,0,0,0,0,0.0,0.0,0.0,0,0,0.0,0,0,0,0.6,55,FWD
Jake,Livermore,0,0,0,0,0,0.0,0.0,0.0,0,0,0.0,0,0,0,0.2,50,MID
Kamil,Grosicki,0,0,0,0,0,0.0,0.0,0.0,0,0,0.0,0,0,0,0.2,55,MID
Matt,Phillips,0,0,0,0,0,0.0,0.0,0.0,0,0,0.0,0,0,0,0.2,55,MID
Kyle,Bartley,0,0,0,0,0,0.0,0.0,0.0,0,0,0.0,0,0,0,0.2,45,DEF
Romaine,Sawyers,0,0,0,0,0,0.0,0.0,0.0,0,0,0.0,0,0,0,0.1,50,MID
Ahmed El-Sayed,Hegazy,0,0,0,0,0,0.0,0.0,0.0,0,0,0.0,0,0,0,1.6,45,DEF
Charlie,Austin,0,0,0,0,0,0.0,0.0,0.0,0,0,0.0,0,0,0,1.3,55,FWD
Kenneth,Zohore,0,0,0,0,0,0.0,0.0,0.0,0,0,0.0,0,0,0,0.3,50,FWD
Sam,Johnstone,0,0,0,0,0,0.0,0.0,0.0,0,0,0.0,0,0,0,1.0,45,GK
Conor,Townsend,0,0,0,0,0,0.0,0.0,0.0,0,0,0.0,0,0,0,0.2,45,DEF
Oluwasemilogo Adesewo Ibidapo,Ajayi,0,0,0,0,0,0.0,0.0,0.0,0,0,0.0,0,0,0,0.5,50,DEF
Jonathan,Leko,0,0,0,0,0,0.0,0.0,0.0,0,0,0.0,0,0,0,0.2,45,MID
Kyle,Edwards,0,0,0,0,0,0.0,0.0,0.0,0,0,0.0,0,0,0,0.0,50,MID
Darnell,Furlong,0,0,0,0,0,0.0,0.0,0.0,0,0,0.0,0,0,0,0.1,45,DEF
Sam,Field,0,0,0,0,0,0.0,0.0,0.0,0,0,0.0,0,0,0,0.0,50,MID
Oliver,Burke,0,0,0,0,0,0.0,0.0,0.0,0,0,0.0,0,0,0,0.6,45,MID
Dara,O'Shea,0,0,0,0,0,0.0,0.0,0.0,0,0,0.0,0,0,0,0.4,45,DEF
Rekeem,Harper,0,0,0,0,0,0.0,0.0,0.0,0,0,0.0,0,0,0,0.5,45,MID
Grady,Diangana,0,0,0,0,0,0.0,0.0,0.0,0,0,0.0,0,0,0,0.5,55,MID
Matheus,Pereira,0,0,0,0,0,0.0,0.0,0.0,0,0,0.0,0,0,0,4.0,60,MID
Cedric,Kipre,0,0,0,0,0,0.0,0.0,0.0,0,0,0.0,0,0,0,0.1,45,DEF
Mark,Noble,4,4,105,2675,44,602.2,542.2,164.0,8,504,131.1,7,0,5,2.3,50,MID
Robert,Snodgrass,5,5,87,1504,33,552.1,422.2,320.0,8,312,129.7,3,0,4,0.1,60,MID
David,Martin,0,0,20,435,6,0.0,112.0,0.0,2,86,11.2,2,0,1,8.2,40,GK
Darren,Randolph,0,0,3,180,5,0.0,49.6,0.0,0,27,4.9,0,0,0,0.3,45,GK
Lukasz,Fabianski,0,0,83,2117,34,0.0,531.2,0.0,5,414,53.2,5,0,1,1.8,50,GK
Angelo,Ogbonna,2,0,81,2786,44,37.8,579.0,168.0,0,453,78.4,7,0,4,0.4,50,DEF
Roberto,Jimenez Gago,0,0,18,686,17,0.0,239.0,0.0,1,134,23.9,0,0,0,0.1,45,GK
Jack,Wilshere,0,0,8,209,5,7.0,6.4,4.0,0,14,1.5,0,0,0,0.2,50,MID
Aaron,Cresswell,3,0,79,2727,51,441.0,535.4,180.0,5,444,115.9,5,0,7,1.2,50,DEF
Andriy,Yarmolenko,5,1,70,981,17,265.7,284.4,329.0,10,231,87.9,3,0,2,0.3,60,MID
Michail,Antonio,10,4,111,1767,30,377.4,552.8,1094.0,8,284,201.7,3,0,3,12.7,65,FWD
Ryan,Fredericks,0,3,74,2235,39,333.7,491.2,76.0,7,423,90.5,7,0,7,0.9,45,DEF
Manuel,Lanzini,0,3,50,1370,30,464.8,219.0,281.0,3,234,96.5,2,0,1,0.1,65,MID
Felipe Anderson,Pereira Gomes,1,4,66,1493,27,414.7,377.2,355.0,1,299,114.8,7,0,1,0.6,65,MID
Sébastien,Haller,7,3,102,2259,41,354.5,450.4,1012.0,11,327,180.9,5,0,1,0.8,65,FWD
Arthur,Masuaku,0,1,26,930,18,128.6,240.8,53.0,3,166,42.4,2,1,4,0.3,45,DEF
Fabián,Balbuena,1,0,40,1176,24,18.5,268.0,149.0,3,210,43.6,3,0,2,0.2,45,DEF
Jordan,Hugill,0,0,0,0,0,0.0,0.0,0.0,0,0,0.0,0,0,0,0.0,55,FWD
Jarrod,Bowen,1,4,44,916,13,235.0,221.4,342.0,3,173,79.8,1,0,0,1.0,65,MID
Albian,Ajeti,0,0,9,132,3,22.9,5.2,47.0,0,16,7.3,0,0,0,0.0,55,FWD
Declan,Rice,1,5,105,3420,62,350.8,715.8,259.0,8,616,132.5,7,0,6,5.3,50,MID
Tomas,Soucek,3,0,41,1039,18,73.1,254.2,293.0,3,155,62.1,1,0,0,7.4,50,MID
Pablo,Fornals,2,6,93,2167,35,359.7,350.4,381.0,4,346,109.2,6,0,3,0.1,65,MID
Issa,Diop,3,1,76,2765,54,64.3,610.0,210.0,3,424,88.7,4,0,8,1.6,45,DEF
Ben,Johnson,0,0,6,270,3,25.2,48.0,1.0,0,32,7.4,0,0,0,3.1,40,DEF
John,Ruddy,0,0,0,0,0,0.0,0.0,0.0,0,0,0.0,0,0,0,0.4,45,GK
João Filipe Iria,Santos Moutinho,1,7,113,3105,36,1200.1,712.0,122.0,12,617,204.0,11,0,7,3.2,55,MID
Rui Pedro,dos Santos Patrício,0,0,153,3420,40,0.0,741.0,0.0,8,680,74.3,13,0,0,6.7,55,GK
Ryan,Bennett,0,0,32,932,17,41.0,161.4,16.0,2,176,21.8,3,0,2,0.5,45,DEF
Willy,Boly,0,1,97,1980,15,85.8,477.0,119.0,10,470,68.4,12,1,1,2.3,55,DEF
Conor,Coady,0,0,118,3420,40,68.8,556.4,0.0,7,648,62.4,13,0,5,7.7,50,DEF
Raúl,Jiménez,17,7,194,3241,36,668.2,911.6,1680.0,33,685,325.4,15,0,3,19.6,85,FWD
Romain,Saïss,2,2,103,2703,34,160.7,621.2,298.0,8,525,108.1,10,1,10,2.3,50,DEF
Jonathan,Castro Otto,2,3,123,2885,35,379.2,543.6,299.0,6,537,122.4,11,0,4,0.1,55,DEF
Léo,Bonatini,0,0,0,0,0,0.0,0.0,0.0,0,0,0.0,0,0,0,0.3,50,FWD
Leander,Dendoncker,4,0,100,2790,34,160.6,529.2,282.0,9,426,96.8,11,0,5,2.8,50,MID
Adama,Traoré,4,9,130,2599,33,786.4,727.2,583.0,14,522,209.7,7,0,1,20.1,65,MID
Rúben Diogo,da Silva Neves,2,2,97,3053,35,445.4,538.6,307.0,7,498,129.1,13,0,9,2.6,55,MID
Oskar,Buur,0,0,0,0,0,0.0,0.0,0.0,0,0,0.0,0,0,0,1.6,40,DEF
Diogo,Jota,7,3,105,2278,28,453.3,457.8,1139.0,12,348,204.9,10,0,4,3.4,65,MID
Daniel,Castelo Podence,1,1,25,285,0,73.3,62.4,148.0,2,74,28.4,3,0,0,0.4,55,MID
Max,Kilman,0,0,5,184,2,1.2,35.2,0.0,0,24,3.7,0,0,0,1.9,40,DEF
Rúben Gonçalo,Silva Nascimento Vinagre,0,0,32,644,6,96.2,130.4,56.0,1,134,28.1,3,0,1,16.2,45,DEF
Matija,Sarkic,0,0,0,0,0,0.0,0.0,0.0,0,0,0.0,0,0,0,0.2,45,GK
Morgan,Gibbs-White,0,1,11,125,2,44.1,6.6,12.0,0,39,6.3,0,0,0,0.0,50,MID
Pedro,Lomba Neto,3,3,57,920,12,232.0,227.8,260.0,0,194,71.8,1,0,3,0.3,55,MID
Bruno André,Cavaco Jordao,0,0,1,6,0,10.4,2.6,0.0,0,4,1.3,0,0,0,0.6,45,MID
Leonardo,Campana,0,0,0,0,0,0.0,0.0,0.0,0,0,0.0,0,0,0,0.3,50,FWD
Fabio,Silva,0,0,0,0,0,0.0,0.0,0.0,0,0,0.0,0,0,0,0.7,55,FWD
Fernando,Marçal,0,0,0,0,0,0.0,0.0,0.0,0,0,0.0,0,0,0,0.2,50,DEF
